"","year","team","total_offense","total_defense","overall_score"
"1","1961","BAL",43.6,80.1,71.7
"2","1961","BOS",42.3,43.3,40.3
"3","1961","CHA",56.6,52,57.3
"4","1961","CHN",44.9,32.7,33.3
"5","1961","CIN",58.7,57.6,63.3
"6","1961","CLE",53.3,44.8,49.1
"7","1961","DET",71.6,60,74.1
"8","1961","KC1",35.9,28.8,24
"9","1961","LAA",58,36.3,45.1
"10","1961","LAN",74.2,38.3,57.9
"11","1961","MIN",42.1,42.2,39.3
"12","1961","MLN",60.2,51.6,59.4
"13","1961","NYA",72.7,69.7,82.8
"14","1961","PHI",27.1,27.9,17.2
"15","1961","PIT",54.5,47.5,52.1
"16","1961","SFN",76.5,48.3,67.7
"17","1961","SLN",57.2,52.4,58
"18","1961","WS2",25.9,39.6,26.1
"19","1962","BAL",39.2,58.6,51
"20","1962","BOS",42.5,46.5,43.1
"21","1962","CHA",45.3,64.3,59.8
"22","1962","CHN",25,34.1,20.9
"23","1962","CIN",70.4,55,69.2
"24","1962","CLE",41.9,46.5,42.7
"25","1962","DET",57.7,54.1,59.8
"26","1962","HOU",24.9,40.9,26.5
"27","1962","KC1",51.8,31.8,37.2
"28","1962","LAA",52.1,50.8,53.2
"29","1962","LAN",84.8,47.8,72.9
"30","1962","MIN",61.1,54.2,62.2
"31","1962","MLN",57.7,54.3,59.9
"32","1962","NYA",74.7,53,70.4
"33","1962","NYN",39.9,4.2,6.2
"34","1962","PHI",48.8,37,39.5
"35","1962","PIT",48.7,63,61
"36","1962","SFN",89.3,48.4,76.5
"37","1962","SLN",64.4,58.3,67.8
"38","1962","WS2",20.8,51.4,32.5
"39","1963","BAL",42.9,65.9,59.5
"40","1963","BOS",38.3,52.8,45.5
"41","1963","CHA",44.1,85.4,76.5
"42","1963","CHN",17.8,74.9,49.9
"43","1963","CIN",47.8,67.4,64
"44","1963","CLE",36.3,50.7,42.3
"45","1963","DET",51,47.8,50
"46","1963","HOU",0,49,16.3
"47","1963","KC1",25.6,52.7,36.7
"48","1963","LAA",29.7,55.9,42.2
"49","1963","LAN",53.2,71.3,71
"50","1963","MIN",61.3,70.3,75.7
"51","1963","MLN",58,59.6,64.5
"52","1963","NYA",58,78,79.8
"53","1963","NYN",17.3,26.6,9.4
"54","1963","PHI",44.5,66.8,61.4
"55","1963","PIT",26.6,63.5,46.4
"56","1963","SFN",73.4,48.1,65.4
"57","1963","SLN",73.8,56.3,72.5
"58","1963","WS2",23.9,27.5,14.7
"59","1964","BAL",49.7,77.4,73.7
"60","1964","BOS",43.1,35.9,34.8
"61","1964","CHA",33,96.1,77.8
"62","1964","CHN",37.2,46.1,39.1
"63","1964","CIN",45.5,77.2,70.6
"64","1964","CLE",47.6,52.7,51.7
"65","1964","DET",50.2,53.4,54
"66","1964","HOU",5.2,53.3,23.4
"67","1964","KC1",29.3,28,18.8
"68","1964","LAA",12.3,81.9,52
"69","1964","LAN",41.2,70,61.8
"70","1964","MIN",54,56.3,59.1
"71","1964","MLN",85.2,29.9,58.3
"72","1964","NYA",59.6,72.8,76.6
"73","1964","NYN",29.9,30,20.9
"74","1964","PHI",51.6,57.8,58.7
"75","1964","PIT",47.9,56.2,54.9
"76","1964","SFN",51.9,64.1,64.1
"77","1964","SLN",61.8,54,62.5
"78","1964","WS2",22.4,42,25.7
"79","1965","BAL",44.4,73.8,67.1
"80","1965","BOS",41.7,35.1,33.1
"81","1965","CAL",10.5,74.2,44.4
"82","1965","CHA",38.9,80.9,69.2
"83","1965","CHN",30.1,47.3,35.4
"84","1965","CIN",85.7,43.5,70
"85","1965","CLE",44.9,66.1,61
"86","1965","DET",47.3,67.7,64
"87","1965","HOU",27.1,36,23.9
"88","1965","KC1",22.4,40.6,24.5
"89","1965","LAN",40.9,81.8,71.4
"90","1965","MIN",64.9,69.5,77.4
"91","1965","MLN",61.7,55,63.2
"92","1965","NYA",36.8,65.1,54.7
"93","1965","NYN",7.1,36.7,10.9
"94","1965","PHI",43.8,51,47.7
"95","1965","PIT",48.1,69.9,66.3
"96","1965","SFN",56,63.6,66.5
"97","1965","SLN",60.6,50.3,58.5
"98","1965","WS2",28.7,43.1,30.9
"99","1966","ATL",71.1,53.2,68.1
"100","1966","BAL",74.6,63.6,79.1
"101","1966","BOS",39,46,40.3
"102","1966","CAL",34.9,56,45.8
"103","1966","CHA",19.8,92.1,65.6
"104","1966","CHN",34.8,30.1,24.3
"105","1966","CIN",55.8,45.6,51.4
"106","1966","CLE",22.8,73,51.8
"107","1966","DET",59.6,45.9,54.3
"108","1966","HOU",35,40,32.7
"109","1966","KC1",17.2,60.3,37.4
"110","1966","LAN",37.9,89.3,75.6
"111","1966","MIN",40.7,75.3,65.8
"112","1966","NYA",39.9,60.9,53.3
"113","1966","NYN",35.7,31.3,25.9
"114","1966","PHI",50.3,55.8,56.1
"115","1966","PIT",67.3,53.9,66.1
"116","1966","SFN",55.4,54.8,58.7
"117","1966","SLN",22.6,74.6,52.9
"118","1966","WS2",22.3,52.4,34.3
"119","1967","ATL",41,59.7,53
"120","1967","BAL",54.6,65.2,66.9
"121","1967","BOS",56.8,66.3,69.3
"122","1967","CAL",28.8,66.1,50.1
"123","1967","CHA",12.6,94.8,63
"124","1967","CHN",51.1,62.4,62.2
"125","1967","CIN",34.2,75.1,61.3
"126","1967","CLE",23.9,63.9,45
"127","1967","DET",52.4,68.4,68.1
"128","1967","HOU",47,25.7,28.9
"129","1967","KC1",12.7,56.1,30.8
"130","1967","LAN",21.9,62,42
"131","1967","MIN",44.8,71.6,65.5
"132","1967","NYA",17.3,60.7,37.8
"133","1967","NYN",13,47.9,24.2
"134","1967","PHI",35.5,66.7,55.1
"135","1967","PIT",54.4,41.4,47
"136","1967","SFN",53,69.4,69.3
"137","1967","SLN",60.8,71.9,76.6
"138","1967","WS2",22.9,56.1,37.7
"139","1968","ATL",16.2,76.9,50.5
"140","1968","BAL",40.2,86.3,74.6
"141","1968","BOS",39.1,63.8,55.2
"142","1968","CAL",16.5,57,34.1
"143","1968","CHA",0.7,82.7,44.7
"144","1968","CHN",36.4,61.3,51.3
"145","1968","CIN",67.3,43.4,57.4
"146","1968","CLE",17.3,87,59.6
"147","1968","DET",54.7,87.8,85.7
"148","1968","HOU",21.4,52.9,34.1
"149","1968","LAN",14.5,76.5,49
"150","1968","MIN",25.6,77.7,57.5
"151","1968","NYA",25.8,78,57.9
"152","1968","NYN",9.8,82.1,50.4
"153","1968","OAK",40.2,69.2,60.4
"154","1968","PHI",26.6,53.4,38.1
"155","1968","PIT",35.4,72.7,60
"156","1968","SFN",47.7,69.8,66
"157","1968","SLN",39,90.1,77
"158","1968","WS2",23.5,46.1,29.9
"159","1969","ATL",49.6,63.5,62.1
"160","1969","BAL",73.9,89.3,100
"161","1969","BOS",57.6,47.9,54.5
"162","1969","CAL",8.4,59.9,31
"163","1969","CHA",32.4,47,36.7
"164","1969","CHN",47.8,68.7,65.2
"165","1969","CIN",78.1,32.5,55.7
"166","1969","CLE",23.8,48.3,31.9
"167","1969","DET",50.7,70.8,68.9
"168","1969","HOU",53.1,42.6,47
"169","1969","KCA",17.9,56.8,34.9
"170","1969","LAN",48.5,70,66.7
"171","1969","MIN",65.3,67.4,76
"172","1969","MON",25.9,28.3,16.7
"173","1969","NYA",22.5,73.3,51.8
"174","1969","NYN",43,77.3,69.1
"175","1969","OAK",68.1,45.7,59.9
"176","1969","PHI",41,33.9,31.6
"177","1969","PIT",60.8,50.6,58.9
"178","1969","SDN",0.5,29,0
"179","1969","SE1",39.4,32.2,29.1
"180","1969","SFN",63,51.9,61.6
"181","1969","SLN",29.4,81,62.9
"182","1969","WS2",51.2,59.9,60.1
"183","1970","ATL",53.2,42.1,46.7
"184","1970","BAL",75.3,76.9,90.6
"185","1970","BOS",62.5,50.9,60.4
"186","1970","CAL",35.5,62.4,51.6
"187","1970","CHA",35.6,29.4,24.2
"188","1970","CHN",60.3,57.9,64.7
"189","1970","CIN",62.8,56.4,65.2
"190","1970","CLE",39.3,57.9,50.4
"191","1970","DET",42.8,45.6,42.5
"192","1970","HOU",60.3,29.3,40.9
"193","1970","KCA",24.4,53.1,36.3
"194","1970","LAN",66.4,47.6,60.2
"195","1970","MIL",32.3,40.9,31.6
"196","1970","MIN",54,72.2,72.2
"197","1970","MON",43.3,31.1,30.8
"198","1970","NYA",49.1,68.3,65.7
"199","1970","NYN",50.4,62.3,61.6
"200","1970","OAK",51.8,65.8,65.5
"201","1970","PHI",20.3,42.9,25
"202","1970","PIT",52.4,55.2,57.1
"203","1970","SDN",49.6,25.2,30.2
"204","1970","SFN",82.8,19.8,48.4
"205","1970","SLN",59.6,40,49.4
"206","1970","WS2",33.5,52.8,42.2
"207","1971","ATL",44,47.8,45.2
"208","1971","BAL",73,79.7,91.4
"209","1971","BOS",46.2,58.5,55.6
"210","1971","CAL",10,71.6,41.9
"211","1971","CHA",36.6,70.1,58.7
"212","1971","CHN",32,59.8,47
"213","1971","CIN",29.5,70.5,54.2
"214","1971","CLE",17.9,40.6,21.4
"215","1971","DET",55.2,58.6,61.7
"216","1971","HOU",31.9,63.1,49.7
"217","1971","KCA",28.6,77.6,59.5
"218","1971","LAN",58.7,60.4,65.7
"219","1971","MIL",18.5,65.8,42.8
"220","1971","MIN",45,53.7,50.7
"221","1971","MON",37.6,38.7,33.3
"222","1971","NYA",47.8,57,55.5
"223","1971","NYN",33,74,59.5
"224","1971","OAK",63,66.3,73.5
"225","1971","PHI",19.7,45.1,26.5
"226","1971","PIT",75.5,60.3,77
"227","1971","SDN",9.6,53.4,26.5
"228","1971","SFN",66.9,47.6,60.6
"229","1971","SLN",67.7,43.2,57.5
"230","1971","WS2",16.9,53.7,31.6
"231","1972","ATL",47.2,36.5,38
"232","1972","BAL",29.3,100,78.6
"233","1972","BOS",51.3,56.8,57.7
"234","1972","CAL",7.1,72.2,40.4
"235","1972","CHA",36.9,71.6,60.1
"236","1972","CHN",50.1,69.5,67.4
"237","1972","CIN",66.7,68.5,77.9
"238","1972","CLE",9.9,79.9,48.7
"239","1972","DET",32.9,77.7,62.5
"240","1972","HOU",72.8,38,56.7
"241","1972","KCA",38.9,71.5,61.5
"242","1972","LAN",42.9,72,64.5
"243","1972","MIL",19.5,60.8,39.3
"244","1972","MIN",25.5,74.5,54.8
"245","1972","MON",13.4,58.5,33.3
"246","1972","NYA",39.3,72.3,62.4
"247","1972","NYN",24.7,61.5,43.5
"248","1972","OAK",54.2,85.6,83.5
"249","1972","PHI",11.2,49.9,24.7
"250","1972","PIT",61.6,74.2,79.1
"251","1972","SDN",17.8,35,16.8
"252","1972","SFN",62.7,41.6,52.8
"253","1972","SLN",33.6,59.8,48.1
"254","1972","TEX",7.5,53.1,24.8
"255","1973","ATL",74,35.8,55.7
"256","1973","BAL",64.8,81.8,87.6
"257","1973","BOS",49.8,68.7,66.5
"258","1973","CAL",33.2,59.8,47.9
"259","1973","CHA",36,54,44.9
"260","1973","CHN",23.7,59.9,41.5
"261","1973","CIN",61.9,64.4,71.1
"262","1973","CLE",47.8,30.5,33.4
"263","1973","DET",34.6,58.8,48
"264","1973","HOU",51.9,43,46.6
"265","1973","KCA",57.2,44.9,51.8
"266","1973","LAN",54.7,70.3,71.2
"267","1973","MIL",55.2,46.5,51.7
"268","1973","MIN",52.5,56.4,58.1
"269","1973","MON",43.4,45.6,43
"270","1973","NYA",38.5,70,59.9
"271","1973","NYN",36,66.2,55.1
"272","1973","OAK",68,63.1,74.3
"273","1973","PHI",38.2,39.8,34.6
"274","1973","PIT",54.4,43.4,48.6
"275","1973","SDN",23.3,25.4,12.5
"276","1973","SFN",68.2,39.5,54.7
"277","1973","SLN",41,66.5,58.7
"278","1973","TEX",29.9,27.9,19.1
"279","1974","ATL",39.8,82.4,71.1
"280","1974","BAL",47.2,68.9,64.9
"281","1974","BOS",43.6,63.5,58
"282","1974","CAL",34.2,58.5,47.4
"283","1974","CHA",47.9,48.6,48.5
"284","1974","CHN",39.2,26.9,24.6
"285","1974","CIN",69.4,62,74.3
"286","1974","CLE",44.1,53,49.6
"287","1974","DET",33.6,38.3,30.2
"288","1974","HOU",44.8,51.8,49
"289","1974","KCA",39.9,61.6,53.9
"290","1974","LAN",82.2,68.7,88.6
"291","1974","MIL",42.1,58.6,52.8
"292","1974","MIN",39.4,61,53
"293","1974","MON",40.8,54.3,48.4
"294","1974","NYA",48.9,63.6,61.7
"295","1974","NYN",25.4,55,38.6
"296","1974","OAK",56.2,75.8,76.7
"297","1974","PHI",44.4,43.1,41.6
"298","1974","PIT",63.2,50.6,60.6
"299","1974","SDN",22.9,14.5,3.2
"300","1974","SFN",46.2,36.3,37.2
"301","1974","SLN",49.6,56.8,56.5
"302","1974","TEX",50.7,50.7,52.2
"303","1975","ATL",25.8,42.7,28.7
"304","1975","BAL",49.8,82.9,78.3
"305","1975","BOS",64.5,53.6,64
"306","1975","CAL",35.7,45.6,37.8
"307","1975","CHA",38.3,53.9,46.4
"308","1975","CHN",48.7,26.7,30.9
"309","1975","CIN",82.6,69.4,89.3
"310","1975","CLE",49.6,50.6,51.4
"311","1975","DET",20.4,36,19.4
"312","1975","HOU",49.3,34.3,37.6
"313","1975","KCA",45.4,66.3,61.6
"314","1975","LAN",49.4,76.8,73
"315","1975","MIL",47.6,35.3,37.3
"316","1975","MIN",53.6,46.5,50.7
"317","1975","MON",26.7,49.6,34.9
"318","1975","NYA",49,72.1,68.8
"319","1975","NYN",44.8,59,55
"320","1975","OAK",68.3,66.1,77
"321","1975","PHI",59.3,43.6,52.1
"322","1975","PIT",54.2,71.2,71.6
"323","1975","SDN",24.5,40.6,26
"324","1975","SFN",51.5,45.1,48.1
"325","1975","SLN",45.1,49.4,47.2
"326","1975","TEX",50.9,47.7,49.8
"327","1976","ATL",35.7,49.7,41.1
"328","1976","BAL",39.6,71.1,61.6
"329","1976","BOS",50.4,62.7,61.9
"330","1976","CAL",18.3,63.1,40.5
"331","1976","CHA",27.3,42.9,29.8
"332","1976","CHN",26.8,43.9,30.3
"333","1976","CIN",90.3,56.8,84.2
"334","1976","CLE",36.4,66.5,55.6
"335","1976","DET",33.7,47.2,37.7
"336","1976","HOU",40.4,45.2,40.5
"337","1976","KCA",50.8,70.8,69
"338","1976","LAN",41.6,73.7,65
"339","1976","MIL",26,59.2,42.5
"340","1976","MIN",60.1,50.9,58.7
"341","1976","MON",12.4,39.4,16.8
"342","1976","NYA",67.9,69.5,79.4
"343","1976","NYN",38.6,77.1,65.9
"344","1976","OAK",59.9,63,68.7
"345","1976","PHI",68.3,71.4,81.4
"346","1976","PIT",57.6,54.9,60.4
"347","1976","SDN",30.9,44.1,33.2
"348","1976","SFN",38,41.2,35.6
"349","1976","SLN",41.8,50.3,45.7
"350","1976","TEX",31.6,60.5,47.3
"351","1977","ATL",43.9,19.1,21.3
"352","1977","BAL",55.3,65.1,67.3
"353","1977","BOS",71.4,56.4,71
"354","1977","CAL",41.1,54.8,49.1
"355","1977","CHA",76.1,43,63
"356","1977","CHN",37.5,46.3,39.5
"357","1977","CIN",71.1,45.2,61.5
"358","1977","CLE",40.4,50,44.6
"359","1977","DET",47.2,46.7,46.5
"360","1977","HOU",44.9,51.1,48.5
"361","1977","KCA",65.3,68.3,76.7
"362","1977","LAN",71.1,67.9,80.3
"363","1977","MIL",33.6,44.3,35.2
"364","1977","MIN",77.1,42.5,63.3
"365","1977","MON",38.7,43.3,37.9
"366","1977","NYA",77.3,61.1,78.8
"367","1977","NYN",25.6,55.9,39.4
"368","1977","OAK",31.7,40.1,30.4
"369","1977","PHI",78.2,51.5,71.6
"370","1977","PIT",55.7,53.4,57.9
"371","1977","SDN",55.7,14.2,25.2
"372","1977","SEA",32.1,25.8,18.8
"373","1977","SFN",47.9,41.7,42.8
"374","1977","SLN",59.8,51.2,58.7
"375","1977","TEX",56.4,65.7,68.6
"376","1977","TOR",24.2,37.5,23.2
"377","1978","ATL",31.1,39.7,29.7
"378","1978","BAL",46.9,66.2,62.5
"379","1978","BOS",63,66.4,73.6
"380","1978","CAL",50.6,55.3,56
"381","1978","CHA",34.8,46,37.5
"382","1978","CHN",38.8,43.7,38.3
"383","1978","CIN",61.2,46,55.4
"384","1978","CLE",40.3,53.3,47.3
"385","1978","DET",52.2,62.1,62.7
"386","1978","HOU",35.5,49.7,41
"387","1978","KCA",54,66.5,67.5
"388","1978","LAN",71.1,64.1,77.2
"389","1978","MIL",77,61.8,79.3
"390","1978","MIN",37.2,58.5,49.5
"391","1978","MON",35.7,63.8,52.9
"392","1978","NYA",61,75.7,80
"393","1978","NYN",39.3,43.9,38.7
"394","1978","OAK",15.1,48.2,25.9
"395","1978","PHI",54.2,65,66.4
"396","1978","PIT",52.2,52.7,54.8
"397","1978","SDN",35.7,57.1,47.3
"398","1978","SEA",36.8,21.6,18.6
"399","1978","SFN",40.4,61.9,54.5
"400","1978","SLN",33.9,53.3,42.9
"401","1978","TEX",45,66.3,61.3
"402","1978","TOR",25.7,41.7,27.8
"403","1979","ATL",45.5,37.1,37.3
"404","1979","BAL",62,79.5,83.8
"405","1979","BOS",66.5,58,69
"406","1979","CAL",80.5,40.3,63.8
"407","1979","CHA",50.9,48.2,50.3
"408","1979","CHN",43.8,50.3,47.1
"409","1979","CIN",59.6,58.4,64.7
"410","1979","CLE",58.5,37.7,46.7
"411","1979","DET",58.4,49,56.1
"412","1979","HOU",24,65.6,46.4
"413","1979","KCA",70.7,37.7,55
"414","1979","LAN",71.5,35.5,53.7
"415","1979","MIL",70,51.1,65.6
"416","1979","MIN",50.9,56.2,56.9
"417","1979","MON",50.3,71.2,68.9
"418","1979","NYA",55.7,58.4,62
"419","1979","NYN",30.1,45.4,33.8
"420","1979","OAK",21,23.3,9.3
"421","1979","PHI",45.6,43.3,42.6
"422","1979","PIT",67.7,55.4,67.7
"423","1979","SDN",35.4,40.8,33.5
"424","1979","SEA",49.1,32.3,35.8
"425","1979","SFN",53.7,30.8,37.7
"426","1979","SLN",60.6,48.9,57.5
"427","1979","TEX",50.9,58.9,59.2
"428","1979","TOR",21.8,32.9,17.8
"429","1980","ATL",38.7,56.9,49.1
"430","1980","BAL",72.6,66.4,80.1
"431","1980","BOS",54,47.2,51.5
"432","1980","CAL",50.7,32.1,36.7
"433","1980","CHA",16.8,54.6,32.3
"434","1980","CHN",24.7,45,29.8
"435","1980","CIN",58,52.2,58.4
"436","1980","CLE",57.4,35,43.7
"437","1980","DET",71.1,45.1,61.4
"438","1980","HOU",41.9,60.3,54.2
"439","1980","KCA",64.7,58.4,68.1
"440","1980","LAN",55.6,62,64.9
"441","1980","MIL",72,58.4,73
"442","1980","MIN",34.2,53.5,43.3
"443","1980","MON",49.6,60,59.2
"444","1980","NYA",75,59.6,76.1
"445","1980","NYN",39.1,42.1,37.2
"446","1980","OAK",49.2,61.6,60.2
"447","1980","PHI",58,54.7,60.5
"448","1980","PIT",45.7,53.1,50.8
"449","1980","SDN",35.4,46.4,38.2
"450","1980","SEA",26.7,36.9,24.4
"451","1980","SFN",30.9,52.3,40
"452","1980","SLN",66,41.5,55
"453","1980","TEX",55.1,47.1,52.2
"454","1980","TOR",26.5,48.8,34.1
"455","1981","ATL",35.3,61.1,50.3
"456","1981","BAL",52.6,54.6,56.7
"457","1981","BOS",60.8,52.1,60.2
"458","1981","CAL",52.9,53.1,55.7
"459","1981","CHA",57.6,61.5,65.8
"460","1981","CHN",16.5,42.5,22.1
"461","1981","CIN",60.2,51.7,59.5
"462","1981","CLE",47.8,53.4,52.4
"463","1981","DET",36.6,68.7,57.5
"464","1981","HOU",31.6,79.7,63.3
"465","1981","KCA",30.5,63.1,48.8
"466","1981","LAN",56.9,74.4,76.1
"467","1981","MIL",60.8,52.7,60.7
"468","1981","MIN",15.5,52.1,29.5
"469","1981","MON",42.4,66.1,59.4
"470","1981","NYA",44.8,84,75.9
"471","1981","NYN",22.9,48.8,31.7
"472","1981","OAK",54.5,63.9,65.8
"473","1981","PHI",62,37,48.5
"474","1981","PIT",41.1,47.6,43.1
"475","1981","SDN",32.8,40.5,31.5
"476","1981","SEA",38.9,36.7,32.5
"477","1981","SFN",47.2,56.2,54.3
"478","1981","SLN",63.9,51.5,61.9
"479","1981","TEX",49,67.9,65.3
"480","1981","TOR",10.2,53,26.6
"481","1982","ATL",62.3,48.4,58.2
"482","1982","BAL",67,58.1,69.4
"483","1982","BOS",49.7,58.7,58.1
"484","1982","CAL",73.4,57.3,73.1
"485","1982","CHA",64,54.1,64
"486","1982","CHN",40.2,48.6,43.3
"487","1982","CIN",15.8,56.9,33.6
"488","1982","CLE",42.8,47.4,44
"489","1982","DET",50.6,59.1,59.1
"490","1982","HOU",23.7,54,36.6
"491","1982","KCA",59.1,53.9,60.6
"492","1982","LAN",61.4,57.1,64.7
"493","1982","MIL",88.4,51.2,78.2
"494","1982","MIN",32,36.5,27.7
"495","1982","MON",49.7,64,62.5
"496","1982","NYA",52.3,49.3,52.1
"497","1982","NYN",38.7,38.6,34
"498","1982","OAK",53,26,33.2
"499","1982","PHI",43.3,53,49
"500","1982","PIT",59.9,42.1,51.2
"501","1982","SDN",55.5,43.8,49.8
"502","1982","SEA",37.3,50.2,42.6
"503","1982","SFN",55.3,41.5,47.7
"504","1982","SLN",51.8,64.7,64.6
"505","1982","TEX",17.1,48.4,27.4
"506","1982","TOR",33.2,60.1,48.1
"507","1983","ATL",62.4,61.6,69.2
"508","1983","BAL",72.3,64.3,78.1
"509","1983","BOS",44.1,46.5,44.3
"510","1983","CAL",54.4,37.1,43.4
"511","1983","CHA",65.6,66.6,75.5
"512","1983","CHN",45.7,45.4,44.4
"513","1983","CIN",36.6,46.2,38.9
"514","1983","CLE",47.6,40.9,41.9
"515","1983","DET",63.8,59.6,68.5
"516","1983","HOU",43.3,48.3,45.1
"517","1983","KCA",39.7,46.5,41.2
"518","1983","LAN",51.1,59.6,59.8
"519","1983","MIL",62.5,53.2,62.3
"520","1983","MIN",43.3,35.9,34.9
"521","1983","MON",44.2,57.7,53.6
"522","1983","NYA",65.9,50.9,62.7
"523","1983","NYN",28.3,48.1,34.8
"524","1983","OAK",56.3,31.8,40.3
"525","1983","PHI",48.5,57.4,56.2
"526","1983","PIT",43.3,53.4,49.4
"527","1983","SDN",49.6,46.5,47.9
"528","1983","SEA",13.2,46.1,22.8
"529","1983","SFN",58.3,39.7,48.2
"530","1983","SLN",51.9,43.3,46.9
"531","1983","TEX",26.5,77.4,57.9
"532","1983","TOR",65.6,52.7,63.9
"533","1984","ATL",35.8,59.5,49.3
"534","1984","BAL",47.3,61.2,58.6
"535","1984","BOS",63.5,47.1,57.9
"536","1984","CAL",48.2,52,51.5
"537","1984","CHA",41.1,48.9,44.1
"538","1984","CHN",60.6,56.2,63.4
"539","1984","CIN",37.9,38,32.9
"540","1984","CLE",60.2,43.6,52.7
"541","1984","DET",72.5,65.7,79.4
"542","1984","HOU",54,49.7,53.6
"543","1984","KCA",34.8,60.9,49.9
"544","1984","LAN",32.4,60.9,48.2
"545","1984","MIL",37,47.8,40.5
"546","1984","MIN",34.7,62.8,51.3
"547","1984","MON",25.5,70.4,51.5
"548","1984","NYA",63.8,55.8,65.3
"549","1984","NYN",49.8,47.7,49.1
"550","1984","OAK",64.6,29.5,44.1
"551","1984","PHI",58.2,43.5,51.3
"552","1984","PIT",32.3,72.1,57.5
"553","1984","SDN",57.7,47.8,54.5
"554","1984","SEA",46.8,36.8,37.9
"555","1984","SFN",59.2,17.7,30.6
"556","1984","SLN",46.6,56.8,54.4
"557","1984","TEX",35.2,52.8,43.3
"558","1984","TOR",55.7,60,63.3
"559","1985","ATL",38.1,34.4,30.1
"560","1985","BAL",76.9,41.4,62.3
"561","1985","BOS",58,58,63.2
"562","1985","CAL",53.6,52.7,55.9
"563","1985","CHA",50.1,54.8,55.2
"564","1985","CHN",42.9,44.3,41.6
"565","1985","CIN",48.9,53.5,53.3
"566","1985","CLE",52.2,27.8,34.2
"567","1985","DET",50.2,57.5,57.5
"568","1985","HOU",59.8,36.2,46.3
"569","1985","KCA",35.2,72.1,59.4
"570","1985","LAN",57.6,64.5,68.3
"571","1985","MIL",46.8,36.1,37.4
"572","1985","MIN",40.2,44,39.5
"573","1985","MON",37.1,58.3,49.2
"574","1985","NYA",79.2,59.2,78.6
"575","1985","NYN",57.5,70.5,73.2
"576","1985","OAK",65,32,46.3
"577","1985","PHI",45.4,48.5,46.7
"578","1985","PIT",23.8,41.1,25.9
"579","1985","SDN",48.6,51.3,51.3
"580","1985","SEA",52.5,30.9,36.9
"581","1985","SFN",24.4,46,30.4
"582","1985","SLN",65.8,71.7,79.9
"583","1985","TEX",24.3,41.5,26.6
"584","1985","TOR",55.8,82.3,81.9
"585","1986","ATL",31.3,47,35.9
"586","1986","BAL",51.7,45,48.1
"587","1986","BOS",57,61.9,65.8
"588","1986","CAL",65.4,55.9,66.5
"589","1986","CHA",28.6,59.6,44.6
"590","1986","CHN",42,34.1,32.5
"591","1986","CIN",61.1,43.7,53.5
"592","1986","CLE",72.4,32,51.4
"593","1986","DET",63.4,53.6,63.2
"594","1986","HOU",42.9,64.8,58.6
"595","1986","KCA",26.9,66.1,48.9
"596","1986","LAN",47.7,45.3,45.7
"597","1986","MIL",39.4,49.8,43.8
"598","1986","MIN",49,34.3,37.5
"599","1986","MON",35.7,49,40.5
"600","1986","NYA",69.5,44.9,60.1
"601","1986","NYN",75.1,68.8,83.8
"602","1986","OAK",59.1,38.1,47.4
"603","1986","PHI",60.7,39.6,49.8
"604","1986","PIT",43.1,44.4,41.8
"605","1986","SDN",50.7,32.3,36.9
"606","1986","SEA",52.8,28.4,35.1
"607","1986","SFN",57.6,57.3,62.3
"608","1986","SLN",30.6,65.7,51
"609","1986","TEX",56.7,49.4,55.2
"610","1986","TOR",64.9,54.8,65.2
"611","1987","ATL",58.4,28.8,39.2
"612","1987","BAL",51.9,27.5,33.8
"613","1987","BOS",62,41.5,52.2
"614","1987","CAL",57.2,37.4,45.5
"615","1987","CHA",47.7,52.4,51.6
"616","1987","CHN",44.4,35.7,35.4
"617","1987","CIN",66.1,41.4,54.9
"618","1987","CLE",51,16.2,23.7
"619","1987","DET",77.5,52.6,71.9
"620","1987","HOU",36.7,47.2,39.7
"621","1987","KCA",36.7,65.5,55
"622","1987","LAN",39.8,50.6,44.6
"623","1987","MIL",76.8,37.1,58.6
"624","1987","MIN",52.6,43.2,47.2
"625","1987","MON",53.3,47.8,51.5
"626","1987","NYA",62.3,46.3,56.3
"627","1987","NYN",79.1,47.4,68.7
"628","1987","OAK",70.4,35.2,52.7
"629","1987","PHI",44.7,39.9,39.1
"630","1987","PIT",51.6,39.8,43.7
"631","1987","SDN",46.7,29.3,31.7
"632","1987","SEA",55.3,37.9,44.7
"633","1987","SFN",71.1,49.5,65.1
"634","1987","SLN",70.2,51.6,66.2
"635","1987","TEX",64.4,33.4,47.1
"636","1987","TOR",66.9,72.4,81.2
"637","1988","ATL",23.6,38,23.2
"638","1988","BAL",18.3,37.2,19
"639","1988","BOS",63.9,60.6,69.4
"640","1988","CAL",54.5,37.1,43.5
"641","1988","CHA",32.2,44.7,34.6
"642","1988","CHN",39.5,49.3,43.4
"643","1988","CIN",45.2,65.3,60.5
"644","1988","CLE",40.4,49.7,44.3
"645","1988","DET",46.5,63,59.6
"646","1988","HOU",40.8,47.8,43.1
"647","1988","KCA",44.1,66.7,61
"648","1988","LAN",48.2,70.2,66.7
"649","1988","MIL",45.2,71.3,65.6
"650","1988","MIN",55.9,62.2,65.3
"651","1988","MON",35,67.3,55.3
"652","1988","NYA",70.2,40,56.6
"653","1988","NYN",64.2,74.5,81.1
"654","1988","OAK",76.7,62.1,79.3
"655","1988","PHI",31.9,33.9,25.4
"656","1988","PIT",47.1,55.3,53.6
"657","1988","SDN",39.4,57.2,49.8
"658","1988","SEA",44.6,41,40
"659","1988","SFN",57.5,51.4,57.4
"660","1988","SLN",29.6,57.7,43.6
"661","1988","TEX",32,48.1,37.3
"662","1988","TOR",60.9,60.7,67.4
"663","1989","ATL",27.8,51.8,37.6
"664","1989","BAL",55.7,55.2,59.3
"665","1989","BOS",57.7,50.7,56.9
"666","1989","CAL",42.3,76.3,67.8
"667","1989","CHA",48.2,43.8,44.8
"668","1989","CHN",47.5,63.6,60.7
"669","1989","CIN",42.4,47.1,43.6
"670","1989","CLE",24.7,64.6,46.1
"671","1989","DET",28.7,32.3,21.9
"672","1989","HOU",48,39.1,40.8
"673","1989","KCA",41.2,69.3,61.2
"674","1989","LAN",29.7,73.3,56.6
"675","1989","MIL",52.9,56.5,58.5
"676","1989","MIN",52.4,47.8,51
"677","1989","MON",37.2,58.4,49.4
"678","1989","NYA",55,30.6,38.5
"679","1989","NYN",57.5,63,67
"680","1989","OAK",58.7,72.1,75.4
"681","1989","PHI",37.7,35.5,30.8
"682","1989","PIT",39.6,46.6,41.2
"683","1989","SDN",49.8,48.6,49.8
"684","1989","SEA",51.5,44.3,47.4
"685","1989","SFN",62.7,57.3,65.9
"686","1989","SLN",39.9,65.7,57.3
"687","1989","TEX",45.5,51.3,49.1
"688","1989","TOR",54.4,66.1,67.5
"689","1990","ATL",48.4,28.4,32.1
"690","1990","BAL",47.8,52.1,51.4
"691","1990","BOS",40,66.2,57.8
"692","1990","CAL",49.8,48.5,49.7
"693","1990","CHA",43.2,68.9,62.3
"694","1990","CHN",42.8,37.5,35.8
"695","1990","CIN",49.3,70.6,67.8
"696","1990","CLE",56.4,46.4,52.5
"697","1990","DET",60,42.1,51.3
"698","1990","HOU",22.1,48,30.5
"699","1990","KCA",46.5,53.4,51.6
"700","1990","LAN",67.8,42.3,56.9
"701","1990","MIL",59.2,40.6,49.6
"702","1990","MIN",36.2,50.6,42.3
"703","1990","MON",39.3,69.4,59.9
"704","1990","NYA",29.8,41.5,30.4
"705","1990","NYN",73.3,60.9,76
"706","1990","OAK",62.6,74.2,79.8
"707","1990","PHI",38.7,39.1,34.4
"708","1990","PIT",58.5,60.2,65.3
"709","1990","SDN",52.3,42.2,46.2
"710","1990","SEA",37.9,54.3,46.5
"711","1990","SFN",62.7,38.3,50
"712","1990","SLN",30.1,48.3,36.2
"713","1990","TEX",40.8,55.1,49.1
"714","1990","TOR",61.6,64,70.6
"715","1991","ATL",62.9,61,69
"716","1991","BAL",48.7,36.8,39.3
"717","1991","BOS",45.2,58.8,55.2
"718","1991","CAL",37,63.8,53.8
"719","1991","CHA",57.3,60.7,65
"720","1991","CHN",46.7,41.7,42
"721","1991","CIN",52,49.3,51.9
"722","1991","CLE",15.2,46.5,24.6
"723","1991","DET",70.6,37,54.3
"724","1991","HOU",35.1,33.7,27.4
"725","1991","KCA",46.8,54.3,52.5
"726","1991","LAN",53.8,68.3,68.9
"727","1991","MIL",70,45.4,60.9
"728","1991","MIN",56,67.8,70
"729","1991","MON",22.3,55.8,37.1
"730","1991","NYA",44.8,37.7,37.3
"731","1991","NYN",46.3,52.9,51
"732","1991","OAK",68,32.9,49.1
"733","1991","PHI",34.6,48.2,39.2
"734","1991","PIT",67.9,55.5,67.9
"735","1991","SDN",45.6,46.7,45.3
"736","1991","SEA",48.3,58.4,57
"737","1991","SFN",49.3,40.1,42.4
"738","1991","SLN",44,56.7,52.6
"739","1991","TEX",73.3,33.9,53.6
"740","1991","TOR",39.6,75.4,65.1
"741","1992","ATL",51.1,75,72.6
"742","1992","BAL",54.4,61.7,63.8
"743","1992","BOS",16.1,66.7,42
"744","1992","CAL",20.7,57.2,37.2
"745","1992","CHA",56.6,56.6,61.1
"746","1992","CHN",22,64.2,43.9
"747","1992","CIN",48.7,62.8,60.9
"748","1992","CLE",43,45.9,42.9
"749","1992","DET",68.3,34.8,50.9
"750","1992","HOU",39.4,39.6,35.3
"751","1992","KCA",21.5,64,43.4
"752","1992","LAN",29.3,51.1,38
"753","1992","MIL",59,73,76.3
"754","1992","MIN",53.5,65.8,66.7
"755","1992","MON",42.1,68.7,61.3
"756","1992","NYA",61.3,40.4,50.8
"757","1992","NYN",39.5,50.2,44.1
"758","1992","OAK",66.6,51,63.2
"759","1992","PHI",54.5,36,42.6
"760","1992","PIT",55.5,61.3,64.2
"761","1992","SDN",45.3,45.5,44.2
"762","1992","SEA",48.6,31.4,34.8
"763","1992","SFN",33.2,48.2,38.3
"764","1992","SLN",43,63.6,57.7
"765","1992","TEX",42.5,44.8,41.7
"766","1992","TOR",64.5,60.1,69.4
"767","1993","ATL",56.4,86.2,85.6
"768","1993","BAL",66.6,49.1,61.7
"769","1993","BOS",29.6,65.1,49.8
"770","1993","CAL",41.8,41.9,38.8
"771","1993","CHA",57.1,66.6,69.7
"772","1993","CHN",45,48.1,46.1
"773","1993","CIN",51.9,37.1,41.7
"774","1993","CLE",62.7,37.6,49.5
"775","1993","COL",24.8,18.4,7.8
"776","1993","DET",83,31.5,58.2
"777","1993","FLO",19.8,42.9,24.7
"778","1993","HOU",52.8,56.6,58.5
"779","1993","KCA",30.5,62.6,48.4
"780","1993","LAN",49.4,52.4,52.6
"781","1993","MIL",52.6,40.5,45
"782","1993","MIN",35.8,37.7,31.3
"783","1993","MON",48.5,55.6,54.8
"784","1993","NYA",72.9,42.1,60.2
"785","1993","NYN",46.4,38.8,39.4
"786","1993","OAK",54.8,23.9,32.7
"787","1993","PHI",82.3,38.9,63.8
"788","1993","PIT",49.3,27,31.6
"789","1993","SDN",49.6,27,31.7
"790","1993","SEA",52.8,49,52.2
"791","1993","SFN",75.5,56.8,74.1
"792","1993","SLN",61.7,41.4,52
"793","1993","TEX",69.2,47.9,62.4
"794","1993","TOR",72.6,53,69
"795","1994","ATL",55.1,67.9,69.5
"796","1994","BAL",69.8,57.8,71
"797","1994","BOS",44.6,39,38.2
"798","1994","CAL",53,21.8,29.7
"799","1994","CHA",72.5,60.6,75.3
"800","1994","CHN",38.1,41.7,36.2
"801","1994","CIN",76,53.7,71.9
"802","1994","CLE",84.9,45.1,70.8
"803","1994","COL",32.6,31.8,24.2
"804","1994","DET",76.9,21.7,45.9
"805","1994","FLO",38,29.9,26.3
"806","1994","HOU",75.2,39.8,59.7
"807","1994","KCA",50.7,55,55.7
"808","1994","LAN",64.7,43.8,55.9
"809","1994","MIL",53.3,41.4,46.2
"810","1994","MIN",62.1,19.6,34.1
"811","1994","MON",68.2,61.1,72.7
"812","1994","NYA",88,45.9,73.5
"813","1994","NYN",55.9,37.8,45
"814","1994","OAK",60.4,32.9,43.9
"815","1994","PHI",49.8,47.8,49.1
"816","1994","PIT",38.9,29.1,26.3
"817","1994","SDN",43.7,36.7,35.8
"818","1994","SEA",62.9,29.1,42.5
"819","1994","SFN",54.7,45.5,50.6
"820","1994","SLN",59.6,23.7,35.8
"821","1994","TEX",67.1,17.1,35.5
"822","1994","TOR",53,45.7,49.6
"823","1995","ATL",47.3,76.1,71
"824","1995","BAL",61.4,57.7,65.2
"825","1995","BOS",68.9,51,64.8
"826","1995","CAL",78,43.3,64.6
"827","1995","CHA",64.7,36.6,50
"828","1995","CHN",51.4,47.1,49.7
"829","1995","CIN",74.3,53,70.1
"830","1995","CLE",83.4,64.6,86
"831","1995","COL",47.3,33.2,35.4
"832","1995","DET",44.4,20.2,22.5
"833","1995","FLO",60.2,36.4,46.8
"834","1995","HOU",77.6,30.7,53.9
"835","1995","KCA",33,50.6,40
"836","1995","LAN",54.6,49.3,53.7
"837","1995","MIL",67.3,34.6,50.1
"838","1995","MIN",53.7,14.7,24.3
"839","1995","MON",42.6,49.9,46
"840","1995","NYA",70.7,45.4,61.4
"841","1995","NYN",58.8,50,57.1
"842","1995","OAK",71.9,26.1,46.2
"843","1995","PHI",42,42,39
"844","1995","PIT",45.5,26.8,28.8
"845","1995","SDN",62,31.9,44.2
"846","1995","SEA",79.1,40.7,63.2
"847","1995","SFN",58.6,15.5,28.3
"848","1995","SLN",31.6,45,34.4
"849","1995","TEX",50.1,42.2,44.7
"850","1995","TOR",42.9,34.2,33.2
"851","1996","ATL",55.9,68.9,70.8
"852","1996","BAL",87.3,28.5,58.6
"853","1996","BOS",70,31.1,49
"854","1996","CAL",51.5,18.9,26.3
"855","1996","CHA",70.7,48.5,64
"856","1996","CHN",49.8,43.6,45.6
"857","1996","CIN",59.9,41.1,50.4
"858","1996","CLE",83.3,51.1,74.7
"859","1996","COL",59.7,19,31.9
"860","1996","DET",51,0,10.3
"861","1996","FLO",42.1,49.8,45.6
"862","1996","HOU",59.1,26.4,37.7
"863","1996","KCA",37.7,52.2,44.6
"864","1996","LAN",52,58.4,59.5
"865","1996","MIL",75.3,29,50.8
"866","1996","MIN",64.3,32.7,46.5
"867","1996","MON",47.9,59.3,57.4
"868","1996","NYA",71.1,45.4,61.7
"869","1996","NYN",60.5,34.2,45.1
"870","1996","OAK",74.3,22.1,44.4
"871","1996","PHI",31,33.5,24.5
"872","1996","PIT",61.4,24.9,38
"873","1996","SDN",64.6,47.6,59
"874","1996","SEA",95.4,24.1,60.4
"875","1996","SFN",63.9,16.3,32.6
"876","1996","SLN",58.1,52.3,58.6
"877","1996","TEX",74,49,66.6
"878","1996","TOR",44.3,49.3,46.7
"879","1997","ANA",74.8,41.5,61
"880","1997","ATL",61.8,83.1,86.6
"881","1997","BAL",67.8,63.4,74.4
"882","1997","BOS",64.8,35.5,49.1
"883","1997","CHA",56.3,35.2,43.1
"884","1997","CHN",32,46.3,35.8
"885","1997","CIN",33.9,43.6,34.9
"886","1997","CLE",76.6,37.1,58.5
"887","1997","COL",56.7,28.4,37.7
"888","1997","DET",55.8,43.5,49.7
"889","1997","FLO",57,55.1,60.1
"890","1997","HOU",64.2,50.5,61.2
"891","1997","KCA",45.7,39.3,39.3
"892","1997","LAN",61.2,59.5,66.6
"893","1997","MIL",37.3,51.2,43.5
"894","1997","MIN",49.9,34.1,37.8
"895","1997","MON",40.9,45.6,41.3
"896","1997","NYA",82.6,58.7,80.5
"897","1997","NYN",70,47.2,62.4
"898","1997","OAK",61.2,9.6,25.2
"899","1997","PHI",37.6,24.4,21.5
"900","1997","PIT",50.5,37.3,40.9
"901","1997","SDN",74,8.1,32.6
"902","1997","SEA",87.8,31.5,61.4
"903","1997","SFN",68.9,28.5,46.1
"904","1997","SLN",43.6,51.9,48.3
"905","1997","TEX",57.4,39.2,47.2
"906","1997","TOR",25.9,65.7,47.8
"907","1998","ANA",66.9,43.4,57.1
"908","1998","ARI",27.8,40.9,28.4
"909","1998","ATL",69.8,82.1,91.2
"910","1998","BAL",68.6,44.3,59
"911","1998","BOS",66.7,60.3,71
"912","1998","CHA",71.4,22.2,42.5
"913","1998","CHN",61.4,40,50.6
"914","1998","CIN",55.4,42.8,48.8
"915","1998","CLE",68.5,47.3,61.4
"916","1998","COL",35.2,38,31.1
"917","1998","DET",41,32.2,30.2
"918","1998","FLO",41.7,9.5,11.8
"919","1998","HOU",82.8,58.5,80.4
"920","1998","KCA",37.5,28.4,24.7
"921","1998","LAN",46.3,52.1,50.3
"922","1998","MIL",44.3,34.3,34.2
"923","1998","MIN",40.4,42.6,38.5
"924","1998","MON",31.8,37.5,28.3
"925","1998","NYA",94.8,65.9,94.8
"926","1998","NYN",52.4,60.3,61.3
"927","1998","OAK",69,23.7,42.2
"928","1998","PHI",47.1,29.6,32.1
"929","1998","PIT",30.6,46.9,35.3
"930","1998","SDN",60.9,57.7,65
"931","1998","SEA",76.7,28.2,51.1
"932","1998","SFN",81.3,39.8,63.9
"933","1998","SLN",69.8,37.5,54.1
"934","1998","TBA",21,48.2,29.9
"935","1998","TEX",84.5,30.5,58.3
"936","1998","TOR",61.4,51.7,60.3
"937","1999","ANA",44.1,39.1,38
"938","1999","ARI",73.2,71,84.3
"939","1999","ATL",68.5,70.1,80.4
"940","1999","BAL",71.4,40.5,57.8
"941","1999","BOS",53.6,63.4,64.8
"942","1999","CHA",48.4,33.2,36.1
"943","1999","CHN",42.5,23.2,23.8
"944","1999","CIN",72.9,58.3,73.6
"945","1999","CLE",95.6,32.1,67.2
"946","1999","COL",46.7,16.5,21.1
"947","1999","DET",44.3,29.5,30.2
"948","1999","FLO",41.6,26.6,26
"949","1999","HOU",67.9,52.9,65.7
"950","1999","KCA",62.6,24.1,38.1
"951","1999","LAN",70,34.5,51.8
"952","1999","MIL",65.8,24.9,41.1
"953","1999","MIN",25.1,38.9,24.9
"954","1999","MON",42.5,31.6,30.7
"955","1999","NYA",79.3,51.9,72.6
"956","1999","NYN",77.4,53.9,73
"957","1999","OAK",81.5,27.5,53.9
"958","1999","PHI",68.5,28.7,46
"959","1999","PIT",56.6,37.6,45.3
"960","1999","SDN",48.3,33.7,36.4
"961","1999","SEA",69.3,22.7,41.6
"962","1999","SFN",81.8,28,54.4
"963","1999","SLN",67.6,28.7,45.4
"964","1999","TBA",54.3,19.4,28.6
"965","1999","TEX",81.1,32.8,58
"966","1999","TOR",71.5,35,53.2
"967","2000","ANA",79,32,55.9
"968","2000","ARI",50,56,56.1
"969","2000","ATL",59.7,57,63.5
"970","2000","BAL",60.7,25,37.6
"971","2000","BOS",45.2,61,57
"972","2000","CHA",89.2,39.1,68.7
"973","2000","CHN",43.6,25.7,26.6
"974","2000","CIN",63.1,48,58.3
"975","2000","CLE",84.5,43.1,68.8
"976","2000","COL",54.6,35.6,42.3
"977","2000","DET",58.4,41.1,49.5
"978","2000","FLO",48.5,33.6,36.4
"979","2000","HOU",91.1,2.3,39.5
"980","2000","KCA",67.1,26.8,43.4
"981","2000","LAN",67.5,46.5,60.2
"982","2000","MIL",45.3,37,37.1
"983","2000","MIN",39.1,35.8,31.9
"984","2000","MON",45.8,19.7,23.1
"985","2000","NYA",74.9,37.2,57.5
"986","2000","NYN",68.2,44.5,58.9
"987","2000","OAK",92.6,36.3,68.8
"988","2000","PHI",39,29.5,26.6
"989","2000","PIT",58.4,20.7,32.5
"990","2000","SDN",57,27.4,37.1
"991","2000","SEA",79.2,45.8,67.4
"992","2000","SFN",90.8,43.9,73.7
"993","2000","SLN",78.5,43.9,65.4
"994","2000","TBA",45.6,33.7,34.6
"995","2000","TEX",63.8,18.9,34.6
"996","2000","TOR",67.6,29.3,45.9
"997","2001","ANA",46.7,55.8,53.7
"998","2001","ARI",59.6,70,74.3
"999","2001","ATL",47.6,67.4,64
"1000","2001","BAL",42.9,33.9,33
"1001","2001","BOS",48.4,52.6,52.2
"1002","2001","CHA",57.3,42.4,49.8
"1003","2001","CHN",50,57.8,57.5
"1004","2001","CIN",51.9,28.5,34.5
"1005","2001","CLE",79.3,35.9,59.3
"1006","2001","COL",56,32.3,40.5
"1007","2001","DET",42.1,27.4,27
"1008","2001","FLO",56.1,38.6,45.8
"1009","2001","HOU",76.4,30,52.5
"1010","2001","KCA",40,34.6,31.6
"1011","2001","LAN",65.5,42.2,55.2
"1012","2001","MIL",52.3,35.5,40.6
"1013","2001","MIN",46.9,50.2,49.2
"1014","2001","MON",35.9,30.9,25.7
"1015","2001","NYA",67.3,49.8,62.7
"1016","2001","NYN",36.5,46.9,39.3
"1017","2001","OAK",85.6,65,87.8
"1018","2001","PHI",52.6,43.1,47.2
"1019","2001","PIT",32.3,22.4,16.2
"1020","2001","SDN",70.5,27.2,46.1
"1021","2001","SEA",88.9,73.6,97.1
"1022","2001","SFN",71.6,41.2,58.4
"1023","2001","SLN",67.2,58.7,70
"1024","2001","TBA",39.1,20.9,19.5
"1025","2001","TEX",83.9,13.5,43.8
"1026","2001","TOR",53.8,50.2,53.9
"1027","2002","ANA",82.3,69.1,88.9
"1028","2002","ARI",62.8,64.9,72.2
"1029","2002","ATL",46.6,83,76.2
"1030","2002","BAL",39.3,47.6,41.8
"1031","2002","BOS",67.2,69.9,79.4
"1032","2002","CHA",70.8,37.9,55.2
"1033","2002","CHN",38.3,42.9,37.3
"1034","2002","CIN",48.8,38.4,40.6
"1035","2002","CLE",48,34.3,36.7
"1036","2002","COL",29.9,30.9,21.6
"1037","2002","DET",9.5,29.2,6.3
"1038","2002","FLO",49.8,33.1,36.9
"1039","2002","HOU",59.5,41.1,50.2
"1040","2002","KCA",43.4,25.4,26.2
"1041","2002","LAN",58,58.6,63.7
"1042","2002","MIL",30.6,29.3,20.8
"1043","2002","MIN",47.6,55.9,54.4
"1044","2002","MON",52.4,46.3,49.7
"1045","2002","NYA",85.9,54.9,79.6
"1046","2002","NYN",52.6,46.1,49.6
"1047","2002","OAK",71.5,62.4,76.1
"1048","2002","PHI",49.7,41,43.5
"1049","2002","PIT",32.9,40.6,31.7
"1050","2002","SDN",46.7,22.2,25.8
"1051","2002","SEA",70.5,56.9,70.8
"1052","2002","SFN",69.4,64.1,76
"1053","2002","SLN",65.8,59.3,69.6
"1054","2002","TBA",40.6,18.9,18.9
"1055","2002","TEX",73.9,27.1,48.3
"1056","2002","TOR",67.1,39.5,54
"1057","2003","ANA",59.4,49.2,56.8
"1058","2003","ARI",38.1,64.2,54.8
"1059","2003","ATL",89,46.8,74.9
"1060","2003","BAL",53.4,40.6,45.6
"1061","2003","BOS",84.1,44.7,69.9
"1062","2003","CHA",57,55.1,60.1
"1063","2003","CHN",38.1,62.1,53.1
"1064","2003","CIN",43.8,22,23.6
"1065","2003","CLE",36.2,44.7,37.3
"1066","2003","COL",44.2,26.6,27.7
"1067","2003","DET",12.4,19.7,0.4
"1068","2003","FLO",58.2,53,59.2
"1069","2003","HOU",66.9,48.1,61
"1070","2003","KCA",63.3,29.5,43.2
"1071","2003","LAN",20.7,79.4,55.6
"1072","2003","MIL",47.7,23.7,27.7
"1073","2003","MIN",54,47.8,52
"1074","2003","MON",46.2,52,50.3
"1075","2003","NYA",79.4,54.4,74.7
"1076","2003","NYN",39,41.3,36.4
"1077","2003","OAK",61.7,64.7,71.3
"1078","2003","PHI",65.1,50.2,61.5
"1079","2003","PIT",54.1,31.6,38.6
"1080","2003","SDN",50.8,18.2,25.3
"1081","2003","SEA",62.8,68.8,75.5
"1082","2003","SFN",65.2,56.7,67
"1083","2003","SLN",82,34.6,60.1
"1084","2003","TBA",47.9,31,33.9
"1085","2003","TEX",70.1,12.5,33.6
"1086","2003","TOR",78.9,39.6,62.1
"1087","2004","ANA",78.6,51.8,72.1
"1088","2004","ARI",15.7,27.3,9
"1089","2004","ATL",64.6,63.1,71.9
"1090","2004","BAL",73.7,36.4,56
"1091","2004","BOS",79.5,53.8,74.3
"1092","2004","CHA",71.9,37,55.2
"1093","2004","CHN",54.7,64.9,66.6
"1094","2004","CIN",59.4,18.3,31.2
"1095","2004","CLE",70.8,31.7,50.1
"1096","2004","COL",36.4,28,23.7
"1097","2004","DET",62.6,34.4,46.7
"1098","2004","FLO",49.3,48.6,49.5
"1099","2004","HOU",69.9,43,58.9
"1100","2004","KCA",39,27.5,25
"1101","2004","LAN",63.7,51.9,62
"1102","2004","MIL",30.3,43.6,32.5
"1103","2004","MIN",46.5,60.3,57.3
"1104","2004","MON",27.3,40.3,27.7
"1105","2004","NYA",83.8,36.3,62.7
"1106","2004","NYN",46.5,43.6,43.4
"1107","2004","OAK",66.4,46.8,59.6
"1108","2004","PHI",72.8,33.9,53.2
"1109","2004","PIT",40.7,42.2,38.3
"1110","2004","SDN",62.1,42.3,52.9
"1111","2004","SEA",43,36.5,35.2
"1112","2004","SFN",80.7,32.1,57.2
"1113","2004","SLN",78.3,60.1,78.8
"1114","2004","TBA",45.9,32.8,34.1
"1115","2004","TEX",71,43.9,60.3
"1116","2004","TOR",42.8,42.3,39.8
"1117","2005","ANA",66,70.1,78.7
"1118","2005","ARI",35.1,27.8,22.6
"1119","2005","ATL",59.2,61,66.5
"1120","2005","BAL",53.4,42.5,47.2
"1121","2005","BOS",77.8,45.3,66.1
"1122","2005","CHA",49.5,70.7,67.9
"1123","2005","CHN",38.6,52.8,45.6
"1124","2005","CIN",74.1,18.6,41.5
"1125","2005","CLE",61.2,68.8,74.3
"1126","2005","COL",16,30.2,11.6
"1127","2005","DET",47.6,40.6,41.7
"1128","2005","FLO",53.7,40.2,45.5
"1129","2005","HOU",43.9,62.3,57.2
"1130","2005","KCA",41.9,19.5,20.2
"1131","2005","LAN",48,32,34.8
"1132","2005","MIL",52.1,52.4,54.6
"1133","2005","MIN",34.7,68.2,55.8
"1134","2005","NYA",87.2,39,67.3
"1135","2005","NYN",58.2,58.2,63.5
"1136","2005","OAK",67.7,61.1,72.4
"1137","2005","PHI",69.3,42,57.5
"1138","2005","PIT",39.9,34.8,31.6
"1139","2005","SDN",44.7,33.6,33.9
"1140","2005","SEA",48.7,47.1,47.8
"1141","2005","SFN",35.3,33.9,27.8
"1142","2005","SLN",68.4,64,75.3
"1143","2005","TBA",59.5,16.3,29.6
"1144","2005","TEX",81.4,30.5,56.2
"1145","2005","TOR",56.7,63,66.5
"1146","2005","WAS",34.1,56.6,45.8
"1147","2006","ANA",65.3,54.2,65
"1148","2006","ARI",48.8,45.8,46.8
"1149","2006","ATL",71,38.2,55.6
"1150","2006","BAL",62,25.7,39.1
"1151","2006","BOS",57.6,44,51.3
"1152","2006","CHA",75.6,44.8,64.2
"1153","2006","CHN",34.9,32.5,26.3
"1154","2006","CIN",51,34.2,38.6
"1155","2006","CLE",77.3,46.2,66.5
"1156","2006","COL",31.6,45,34.5
"1157","2006","DET",63.7,66.8,74.4
"1158","2006","FLO",54,36.7,42.8
"1159","2006","HOU",49.7,39,41.8
"1160","2006","KCA",52.3,18.5,26.5
"1161","2006","LAN",77.3,36.1,58.2
"1162","2006","MIL",47.1,28.5,31.3
"1163","2006","MIN",55.4,69,70.6
"1164","2006","NYA",90.9,43.9,73.9
"1165","2006","NYN",72.9,45.8,63.2
"1166","2006","OAK",65.2,49.5,61
"1167","2006","PHI",72.8,29.9,49.9
"1168","2006","PIT",37.1,31.3,26.8
"1169","2006","SDN",53,49.1,52.4
"1170","2006","SEA",58.2,40.6,48.9
"1171","2006","SFN",59.6,30.6,41.5
"1172","2006","SLN",60.1,38.6,48.5
"1173","2006","TBA",41.5,31,29.6
"1174","2006","TEX",69.5,46.5,61.5
"1175","2006","TOR",60.8,55.5,63.1
"1176","2006","WAS",50.8,23.7,29.8
"1177","2007","ANA",75.7,53.8,71.7
"1178","2007","ARI",37.1,55.5,46.9
"1179","2007","ATL",62.5,52.1,61.4
"1180","2007","BAL",61.7,30.1,42.5
"1181","2007","BOS",67,75.7,84
"1182","2007","CHA",39.6,37.1,33.3
"1183","2007","CHN",40.1,59.7,52.4
"1184","2007","CIN",60.3,25.4,37.7
"1185","2007","CLE",63.5,59.7,68.4
"1186","2007","COL",42.4,53.8,49.2
"1187","2007","DET",80.1,39.6,62.9
"1188","2007","FLO",63.8,14.1,30.7
"1189","2007","HOU",48.2,22.5,27.1
"1190","2007","KCA",36.1,50.3,41.9
"1191","2007","LAN",61.9,40.8,51.5
"1192","2007","MIL",61.5,39.2,49.9
"1193","2007","MIN",39.7,58.2,50.9
"1194","2007","NYA",100,42,78.4
"1195","2007","NYN",69,41.3,56.8
"1196","2007","OAK",58.1,41.8,49.8
"1197","2007","PHI",80.3,26.3,52
"1198","2007","PIT",46.4,22.6,25.9
"1199","2007","SDN",57.1,51.9,57.5
"1200","2007","SEA",66.3,36.3,50.9
"1201","2007","SFN",45.3,44.2,43.1
"1202","2007","SLN",49,28.8,32.8
"1203","2007","TBA",64.2,17.3,33.6
"1204","2007","TEX",64.9,34.3,48.2
"1205","2007","TOR",52.3,66.1,66
"1206","2007","WAS",34.6,38.9,31.4
"1207","2008","ANA",66.4,58.4,69.3
"1208","2008","ARI",38.7,55.5,48
"1209","2008","ATL",53.2,40.7,45.5
"1210","2008","BAL",71.7,27.4,47.1
"1211","2008","BOS",68.2,65.9,76.7
"1212","2008","CHA",64.9,56.5,66.7
"1213","2008","CHN",67.9,59.2,70.9
"1214","2008","CIN",46.5,34.7,36.1
"1215","2008","CLE",64.4,49.5,60.5
"1216","2008","COL",20.1,38.9,21.6
"1217","2008","DET",68.8,29.9,47.2
"1218","2008","FLO",62.5,32.2,44.8
"1219","2008","HOU",49.5,33.8,37.4
"1220","2008","KCA",35.9,48.7,40.4
"1221","2008","LAN",50.9,54.8,55.7
"1222","2008","MIL",53.6,56.4,58.9
"1223","2008","MIN",64.1,54.7,64.6
"1224","2008","NYA",70.2,51.2,65.8
"1225","2008","NYN",70.2,44.5,60.3
"1226","2008","OAK",38.3,54.7,47.1
"1227","2008","PHI",62.9,51.7,61.3
"1228","2008","PIT",53.9,15.8,25.4
"1229","2008","SDN",34.6,28.1,22.4
"1230","2008","SEA",39.4,36.4,32.6
"1231","2008","SFN",35.6,31.5,26
"1232","2008","SLN",62.3,46.6,56.6
"1233","2008","TBA",64.3,63.3,71.9
"1234","2008","TEX",86.7,12.3,44.7
"1235","2008","TOR",46.3,83.7,76.6
"1236","2008","WAS",30.3,27.9,19.4
"1237","2009","ANA",93,44.6,75.9
"1238","2009","ARI",44.2,43.1,41.5
"1239","2009","ATL",49.9,68.2,66.2
"1240","2009","BAL",59.1,30.2,40.9
"1241","2009","BOS",69.2,59.4,72
"1242","2009","CHA",45,54.6,51.5
"1243","2009","CHN",36.6,58.7,49.3
"1244","2009","CIN",38.5,47,40.8
"1245","2009","CLE",59.8,28.8,40.2
"1246","2009","COL",35.4,58.5,48.2
"1247","2009","DET",48.4,49.9,50
"1248","2009","FLO",63.3,33.7,46.6
"1249","2009","HOU",35.1,27.1,22
"1250","2009","KCA",34.9,35.4,28.7
"1251","2009","LAN",73.5,62.6,77.6
"1252","2009","MIL",65.6,27.5,43.1
"1253","2009","MIN",60.1,49.4,57.5
"1254","2009","NYA",91.9,46.6,76.8
"1255","2009","NYN",45.4,38.2,38.3
"1256","2009","OAK",67.3,39.6,54.2
"1257","2009","PHI",68.8,45.6,60.3
"1258","2009","PIT",30.4,33.2,23.8
"1259","2009","SDN",40.2,28.4,26.5
"1260","2009","SEA",30.9,60.6,46.9
"1261","2009","SFN",41.7,64.7,57.7
"1262","2009","SLN",52.4,59.9,60.9
"1263","2009","TBA",67.2,48.1,61.3
"1264","2009","TEX",59.4,52.6,59.6
"1265","2009","TOR",63.1,52,61.7
"1266","2009","WAS",50.4,18,24.8
"1267","2010","ANA",54,52.4,55.8
"1268","2010","ARI",47.9,33.3,35.8
"1269","2010","ATL",55.3,68.6,70.1
"1270","2010","BAL",34,41.4,33.1
"1271","2010","BOS",66.8,53.7,65.6
"1272","2010","CHA",55.4,54.7,58.7
"1273","2010","CHN",35.2,39.9,32.6
"1274","2010","CIN",66.7,51.5,63.7
"1275","2010","CLE",33.1,47.4,37.4
"1276","2010","COL",29.5,58.3,44.1
"1277","2010","DET",55.5,45,50.8
"1278","2010","FLO",58.9,41.4,50
"1279","2010","HOU",27.2,35.7,23.8
"1280","2010","KCA",37.6,31.3,27.1
"1281","2010","LAN",50.7,46,48.3
"1282","2010","MIL",58,29.3,39.3
"1283","2010","MIN",57.6,62.6,66.7
"1284","2010","NYA",86,52.7,77.8
"1285","2010","NYN",44.8,57.1,53.5
"1286","2010","OAK",46.3,63,59.4
"1287","2010","PHI",63.8,59.9,68.7
"1288","2010","PIT",20.4,15.8,2.6
"1289","2010","SDN",46.8,65.2,61.6
"1290","2010","SEA",4.6,53.5,23.2
"1291","2010","SFN",53.4,68.4,68.8
"1292","2010","SLN",55.5,60.2,63.3
"1293","2010","TBA",73.5,62.9,77.8
"1294","2010","TEX",63.3,55.8,65
"1295","2010","TOR",59.3,56.9,63.2
"1296","2010","WAS",40.8,40.2,36.7
"1297","2011","ANA",50.3,67.3,65.7
"1298","2011","ARI",51,61,60.9
"1299","2011","ATL",37.4,71,60
"1300","2011","BAL",57.6,28.5,38.4
"1301","2011","BOS",77.1,53.5,72.4
"1302","2011","CHA",32.5,56.2,44.4
"1303","2011","CHN",31,41.5,31.1
"1304","2011","CIN",59,44.8,52.9
"1305","2011","CLE",46.4,43.9,43.6
"1306","2011","COL",27.1,43.9,30.5
"1307","2011","DET",63.1,50,60
"1308","2011","FLO",38.5,43.1,37.6
"1309","2011","HOU",34.2,20,15.4
"1310","2011","KCA",48,45.9,46.3
"1311","2011","LAN",47.7,57.6,55.9
"1312","2011","MIL",52.5,63,63.6
"1313","2011","MIN",24.7,38.7,24.6
"1314","2011","NYA",86.1,61.3,85
"1315","2011","NYN",65.9,34.9,49.4
"1316","2011","OAK",45.5,53.2,50.7
"1317","2011","PHI",51.9,81.2,78.4
"1318","2011","PIT",27.1,41.7,28.6
"1319","2011","SDN",31.4,55.4,43
"1320","2011","SEA",17.1,58.7,36
"1321","2011","SFN",24.5,68,48.7
"1322","2011","SLN",66.9,47,60.2
"1323","2011","TBA",50.6,71.4,69.3
"1324","2011","TEX",79.7,58.2,78.1
"1325","2011","TOR",57,49.9,55.8
"1326","2011","WAS",36.4,56.7,47.4
"1327","2012","ANA",73.6,54.4,70.8
"1328","2012","ARI",48.6,58.6,57.3
"1329","2012","ATL",48.4,73.9,69.8
"1330","2012","BAL",57.5,54.2,59.7
"1331","2012","BOS",50.2,41,43.8
"1332","2012","CHA",53.3,59.3,61.1
"1333","2012","CHN",19.9,41.8,23.8
"1334","2012","CIN",40.4,72.1,63
"1335","2012","CLE",41.5,27.6,26.7
"1336","2012","COL",28.8,27.3,17.9
"1337","2012","DET",48.4,61.3,59.4
"1338","2012","HOU",24.2,22.5,10.7
"1339","2012","KCA",35.1,48.6,39.8
"1340","2012","LAN",43.1,66.1,59.7
"1341","2012","MIA",29.1,39.6,28.3
"1342","2012","MIL",65.4,40.3,53.5
"1343","2012","MIN",41.6,33,31.3
"1344","2012","NYA",77,57.7,75.9
"1345","2012","NYN",47.6,42.8,43.5
"1346","2012","OAK",56.7,67.9,70.5
"1347","2012","PHI",45.8,47.8,46.5
"1348","2012","PIT",36.5,49,41.2
"1349","2012","SDN",45.8,36.5,37
"1350","2012","SEA",30.8,64.6,50.2
"1351","2012","SFN",58.5,52.5,59
"1352","2012","SLN",66.2,55.2,66.5
"1353","2012","TBA",49.1,79.2,74.7
"1354","2012","TEX",69.5,52.8,66.7
"1355","2012","TOR",52.5,43.6,47.5
"1356","2012","WAS",57.3,69.1,71.9
"1357","2013","ANA",68,43.3,57.8
"1358","2013","ARI",42.7,54.9,50.2
"1359","2013","ATL",47.5,80.1,74.4
"1360","2013","BAL",67,51.2,63.7
"1361","2013","BOS",74.3,66.8,81.6
"1362","2013","CHA",24.1,50,33.5
"1363","2013","CHN",22,53.6,35
"1364","2013","CIN",54.8,72.4,73
"1365","2013","CLE",59.2,60.6,66.2
"1366","2013","COL",19.1,46.9,27.5
"1367","2013","DET",69.5,66.5,78.1
"1368","2013","HOU",34.3,15.3,11.6
"1369","2013","KCA",31.4,77,60.9
"1370","2013","LAN",47,65.8,62.2
"1371","2013","MIA",5,51.8,22
"1372","2013","MIL",41.6,51.2,46.4
"1373","2013","MIN",25.8,38.7,25.3
"1374","2013","NYA",42.2,58.5,52.9
"1375","2013","NYN",40.2,43.2,38.8
"1376","2013","OAK",69.5,60.7,73.3
"1377","2013","PHI",32.4,32.3,24.5
"1378","2013","PIT",38.2,71.1,60.6
"1379","2013","SDN",39.6,37.3,33.5
"1380","2013","SEA",35.4,40.1,33
"1381","2013","SFN",43.3,42.4,40.2
"1382","2013","SLN",75.9,66.4,82.4
"1383","2013","TBA",50.9,63.2,62.7
"1384","2013","TEX",50.3,68.2,66.4
"1385","2013","TOR",53.1,47.4,51.1
"1386","2013","WAS",43.5,57.4,52.8
"1387","2014","ANA",78.2,63.5,81.4
"1388","2014","ARI",24.3,46.5,30.7
"1389","2014","ATL",21.9,72,50.3
"1390","2014","BAL",58.7,73.1,76.3
"1391","2014","BOS",31.6,53.7,41.7
"1392","2014","CHA",39.3,42.9,38
"1393","2014","CHN",26.4,47.1,32.7
"1394","2014","CIN",29,65.5,49.7
"1395","2014","CLE",41.9,62.5,56
"1396","2014","COL",30,34.2,24.4
"1397","2014","DET",61.9,49.2,58.5
"1398","2014","HOU",43.6,35.9,35.1
"1399","2014","KCA",32.2,72.1,57.4
"1400","2014","LAN",64.4,56,66
"1401","2014","MIA",44.4,44,42.3
"1402","2014","MIL",42.2,54.5,49.5
"1403","2014","MIN",49.5,40.2,42.6
"1404","2014","NYA",41.1,55.5,49.7
"1405","2014","NYN",44.2,58.9,54.6
"1406","2014","OAK",67,70.7,79.8
"1407","2014","PHI",36,44.8,37.3
"1408","2014","PIT",51,54.8,55.8
"1409","2014","SDN",16.7,63.3,39.6
"1410","2014","SEA",39.7,80.1,69.1
"1411","2014","SFN",50.2,57.3,57.3
"1412","2014","SLN",37.2,63.7,53.8
"1413","2014","TBA",33.5,64.3,51.8
"1414","2014","TEX",38.6,40,35.1
"1415","2014","TOR",57.8,55.6,61.1
"1416","2014","WAS",52.9,73.8,72.9
"1417","2015","ANA",48.9,59.3,58.1
"1418","2015","ARI",46,51.9,50
"1419","2015","ATL",17.4,39.7,20.4
"1420","2015","BAL",58.9,58,63.8
"1421","2015","BOS",53.6,50.8,54.2
"1422","2015","CHA",30.5,56.3,43.1
"1423","2015","CHN",40,68.9,60.1
"1424","2015","CIN",40.2,37.2,33.8
"1425","2015","CLE",42.7,66.3,59.7
"1426","2015","COL",25.2,32.5,19.7
"1427","2015","DET",50.1,33.4,37.3
"1428","2015","HOU",59.9,60.4,66.5
"1429","2015","KCA",49.5,68.6,66.2
"1430","2015","LAN",48.6,63.9,61.7
"1431","2015","MIA",27.8,45.1,32
"1432","2015","MIL",42.4,40.1,37.7
"1433","2015","MIN",44,56.6,52.4
"1434","2015","NYA",68.9,52.1,65.7
"1435","2015","NYN",48.5,59.8,58.3
"1436","2015","OAK",57.7,40.6,48.5
"1437","2015","PHI",33,22.3,16.5
"1438","2015","PIT",49.9,64.4,63
"1439","2015","SDN",44.2,31.6,31.9
"1440","2015","SEA",42.5,46.7,43.3
"1441","2015","SFN",52.4,56.4,58.1
"1442","2015","SLN",40,84.8,73.2
"1443","2015","TBA",39.4,65.9,57.1
"1444","2015","TEX",59.5,48.3,56.2
"1445","2015","TOR",89.6,62.6,88.5
"1446","2015","WAS",49.7,56.7,56.5
"1447","2016","ANA",60.3,49.1,57.4
"1448","2016","ARI",50.5,26.2,31.7
"1449","2016","ATL",35,38.1,31
"1450","2016","BAL",64.6,52.5,63.2
"1451","2016","BOS",77,60.5,78.2
"1452","2016","CHA",40.7,53.8,48
"1453","2016","CHN",58.5,85.2,86.2
"1454","2016","CIN",52.9,25.6,32.8
"1455","2016","CLE",61,59,66.1
"1456","2016","COL",42.6,34,32.7
"1457","2016","DET",55.2,48.7,53.6
"1458","2016","HOU",55.4,45.2,50.8
"1459","2016","KCA",33,55.9,44.5
"1460","2016","LAN",59,59.3,65
"1461","2016","MIA",37.2,47,39.9
"1462","2016","MIL",39.3,46.9,41.3
"1463","2016","MIN",47.4,22.8,26.8
"1464","2016","NYA",46.9,54.3,52.6
"1465","2016","NYN",45.8,61.9,58.1
"1466","2016","OAK",44.3,37.7,37
"1467","2016","PHI",24.8,28.2,15.9
"1468","2016","PIT",53.7,37.4,43.2
"1469","2016","SDN",50.2,28.5,33.4
"1470","2016","SEA",64.2,50,60.7
"1471","2016","SFN",53.3,60.1,61.8
"1472","2016","SLN",66.5,47.6,60.3
"1473","2016","TBA",43.4,52.1,48.4
"1474","2016","TEX",57.8,45.4,52.6
"1475","2016","TOR",57,67.7,70.6
"1476","2016","WAS",60.3,64.6,70.3
"1477","2017","ANA",54,55.2,58.1
"1478","2017","ARI",60.3,67.3,72.5
"1479","2017","ATL",49.3,34.1,37.4
"1480","2017","BAL",61.4,31.5,43.5
"1481","2017","BOS",54.8,69.3,70.4
"1482","2017","CHA",42.2,38.4,36.2
"1483","2017","CHN",60.7,56.3,63.7
"1484","2017","CIN",60.6,23.1,35.9
"1485","2017","CLE",63.7,87.7,91.7
"1486","2017","COL",37.2,52.5,44.5
"1487","2017","DET",50.6,22.2,28.4
"1488","2017","HOU",88,44.9,72.7
"1489","2017","KCA",39.6,42.7,38
"1490","2017","LAN",67.7,71.1,80.7
"1491","2017","MIA",60.1,24.5,36.8
"1492","2017","MIL",51.2,54.8,56
"1493","2017","MIN",62.7,42,53.1
"1494","2017","NYA",80.3,61.3,81.1
"1495","2017","NYN",58.1,18.9,30.8
"1496","2017","OAK",60.8,26.7,39.2
"1497","2017","PHI",38.3,34.5,30.3
"1498","2017","PIT",36.2,45.2,37.8
"1499","2017","SDN",30.3,22.8,15.1
"1500","2017","SEA",55.1,42,47.9
"1501","2017","SFN",37.3,33.3,28.6
"1502","2017","SLN",60.3,51,58.9
"1503","2017","TBA",45.5,54.9,52.1
"1504","2017","TEX",62,37,48.4
"1505","2017","TOR",42.3,46.8,43.2
"1506","2017","WAS",65.9,55.7,66.6
